year,population_city,avg_vehicle_count_city,traffic_growth_percent
2012,394012,397.71480122,NULL
2013,398575,400.25664512,0.64
2014,404783,384.84932073,-3.85
2015,410404,377.85081591,-1.82
2016,415682,375.96171685,-0.50
2017,423310,356.16524091,-5.27
2018,428737,362.53537766,1.79
2019,434008,354.94623053,-2.09
2020,434736,313.74932553,-11.61
2021,436332,322.03505638,2.64
2022,443037,335.62760652,4.22
2023,447082,315.15239697,-6.10
2024,448664,320.15236542,1.59
2025,450809,313.57634727,-2.05
